,artist,title,danceability,energy,key,loudness,mode,speechiness,acousticness,instrumentalness,liveness,valence,tempo,type,id,uri,track_href,analysis_url,duration_ms,time_signature
0,Brenda Lee,Rockin' Around The Christmas Tree,0.589,0.472,8,-8.749,1,0.0502,0.614,0.0,0.505,0.898,67.196,audio_features,2EjXfH91m7f8HiJN1yQg97,spotify:track:2EjXfH91m7f8HiJN1yQg97,https://api.spotify.com/v1/tracks/2EjXfH91m7f8HiJN1yQg97,https://api.spotify.com/v1/audio-analysis/2EjXfH91m7f8HiJN1yQg97,126267,4
1,Mariah Carey,All I Want For Christmas Is You,0.548,0.871,7,-4.253,1,0.0708,0.00113,0.0,0.765,0.64,128.136,audio_features,7iKRL1F3m4t4dkMponnD0P,spotify:track:7iKRL1F3m4t4dkMponnD0P,https://api.spotify.com/v1/tracks/7iKRL1F3m4t4dkMponnD0P,https://api.spotify.com/v1/audio-analysis/7iKRL1F3m4t4dkMponnD0P,215653,4
2,Bobby Helms,Jingle Bell Rock,0.754,0.424,2,-8.463,1,0.0363,0.643,0.0,0.0652,0.806,119.705,audio_features,7vQbuQcyTflfCIOu3Uzzya,spotify:track:7vQbuQcyTflfCIOu3Uzzya,https://api.spotify.com/v1/tracks/7vQbuQcyTflfCIOu3Uzzya,https://api.spotify.com/v1/audio-analysis/7vQbuQcyTflfCIOu3Uzzya,130973,4
3,Wham!,Last Christmas,0.735,0.478,2,-12.472,1,0.0293,0.189,2.48e-06,0.355,0.947,107.682,audio_features,2FRnf9qhLbvw8fu4IBXx78,spotify:track:2FRnf9qhLbvw8fu4IBXx78,https://api.spotify.com/v1/tracks/2FRnf9qhLbvw8fu4IBXx78,https://api.spotify.com/v1/audio-analysis/2FRnf9qhLbvw8fu4IBXx78,262960,4
4,Burl Ives,A Holly Jolly Christmas,0.683,0.375,0,-13.056,1,0.0303,0.579,0.0,0.076,0.888,140.467,audio_features,77khP2fIVhSW23NwxrRluh,spotify:track:77khP2fIVhSW23NwxrRluh,https://api.spotify.com/v1/tracks/77khP2fIVhSW23NwxrRluh,https://api.spotify.com/v1/audio-analysis/77khP2fIVhSW23NwxrRluh,135533,4
5,Andy Williams,It's The Most Wonderful Time Of The Year,0.24,0.598,7,-8.435,1,0.0369,0.766,0.0,0.117,0.776,201.629,audio_features,5hslUAKq9I9CG2bAulFkHN,spotify:track:5hslUAKq9I9CG2bAulFkHN,https://api.spotify.com/v1/tracks/5hslUAKq9I9CG2bAulFkHN,https://api.spotify.com/v1/audio-analysis/5hslUAKq9I9CG2bAulFkHN,151933,3
6,Dean Martin,"Let It Snow, Let It Snow, Let It Snow!",0.451,0.24,1,-14.014,1,0.0351,0.912,2.45e-06,0.175,0.701,134.009,audio_features,2uFaJJtFpPDc5Pa95XzTvg,spotify:track:2uFaJJtFpPDc5Pa95XzTvg,https://api.spotify.com/v1/tracks/2uFaJJtFpPDc5Pa95XzTvg,https://api.spotify.com/v1/audio-analysis/2uFaJJtFpPDc5Pa95XzTvg,117147,4
7,Jose Feliciano,Feliz Navidad,0.513,0.831,2,-9.004,1,0.0383,0.55,0.0,0.336,0.963,148.837,audio_features,0oPdaY4dXtc3ZsaG17V972,spotify:track:0oPdaY4dXtc3ZsaG17V972,https://api.spotify.com/v1/tracks/0oPdaY4dXtc3ZsaG17V972,https://api.spotify.com/v1/audio-analysis/0oPdaY4dXtc3ZsaG17V972,182067,4
8,Jack Harlow,Lovin On Me,0.943,0.558,2,-4.911,1,0.0568,0.0026,2.19e-06,0.0937,0.606,104.983,audio_features,4xhsWYTOGcal8zt0J161CU,spotify:track:4xhsWYTOGcal8zt0J161CU,https://api.spotify.com/v1/tracks/4xhsWYTOGcal8zt0J161CU,https://api.spotify.com/v1/audio-analysis/4xhsWYTOGcal8zt0J161CU,138411,4
9,The Ronettes,Sleigh Ride,0.529,0.772,2,-7.013,1,0.0287,0.403,2.21e-06,0.316,0.853,91.751,audio_features,5ASM6Qjiav2xPe7gRkQMsQ,spotify:track:5ASM6Qjiav2xPe7gRkQMsQ,https://api.spotify.com/v1/tracks/5ASM6Qjiav2xPe7gRkQMsQ,https://api.spotify.com/v1/audio-analysis/5ASM6Qjiav2xPe7gRkQMsQ,181267,4
10,Ariana Grande,Santa Tell Me,0.525,0.621,7,-7.364,1,0.116,0.0489,0.0,0.294,0.591,191.9,audio_features,0lizgQ7Qw35od7CYaoMBZb,spotify:track:0lizgQ7Qw35od7CYaoMBZb,https://api.spotify.com/v1/tracks/0lizgQ7Qw35od7CYaoMBZb,https://api.spotify.com/v1/audio-analysis/0lizgQ7Qw35od7CYaoMBZb,204093,4
11,"Nat ""King"" Cole",The Christmas Song (Merry Christmas To You),0.319,0.21,1,-15.231,1,0.0341,0.92,8.06e-05,0.138,0.209,78.696,audio_features,4PS1e8f2LvuTFgUs1Cn3ON,spotify:track:4PS1e8f2LvuTFgUs1Cn3ON,https://api.spotify.com/v1/tracks/4PS1e8f2LvuTFgUs1Cn3ON,https://api.spotify.com/v1/audio-analysis/4PS1e8f2LvuTFgUs1Cn3ON,192160,4
12,Kelly Clarkson,Underneath The Tree,0.509,0.812,8,-5.439,1,0.0537,0.00128,1.99e-05,0.214,0.689,159.878,audio_features,3YZE5qDV7u1ZD1gZc47ZeR,spotify:track:3YZE5qDV7u1ZD1gZc47ZeR,https://api.spotify.com/v1/tracks/3YZE5qDV7u1ZD1gZc47ZeR,https://api.spotify.com/v1/audio-analysis/3YZE5qDV7u1ZD1gZc47ZeR,229640,4
13,Bing Crosby With Ken Darby Singers & John Scott Trotter & His Orchestra,White Christmas,0.261,0.185,9,-16.526,1,0.0362,0.94,0.00108,0.155,0.138,94.566,audio_features,5mM1jHHXhKc0ZYi0R8EOLn,spotify:track:5mM1jHHXhKc0ZYi0R8EOLn,https://api.spotify.com/v1/tracks/5mM1jHHXhKc0ZYi0R8EOLn,https://api.spotify.com/v1/audio-analysis/5mM1jHHXhKc0ZYi0R8EOLn,203600,4
14,Darlene Love,Christmas (Baby Please Come Home),0.325,0.759,8,-7.146,1,0.053,0.395,0.000362,0.0773,0.36,126.627,audio_features,46pF1zFimM582ss1PrMy68,spotify:track:46pF1zFimM582ss1PrMy68,https://api.spotify.com/v1/tracks/46pF1zFimM582ss1PrMy68,https://api.spotify.com/v1/audio-analysis/46pF1zFimM582ss1PrMy68,166453,4
15,Frank Sinatra With The Orchestra & Chorus Of Gordon Jenkins,Jingle Bells,0.512,0.339,8,-13.119,1,0.0498,0.727,0.0,0.0977,0.951,174.609,audio_features,4HEOgBHRCExyYVeTyrXsnL,spotify:track:4HEOgBHRCExyYVeTyrXsnL,https://api.spotify.com/v1/tracks/4HEOgBHRCExyYVeTyrXsnL,https://api.spotify.com/v1/audio-analysis/4HEOgBHRCExyYVeTyrXsnL,120693,4
16,Nat King Cole,Deck The Halls,0.645,0.451,9,-8.892,1,0.0372,0.653,0.0,0.0708,0.965,107.178,audio_features,1TH5fhztFZmUGWaCXmZ6ie,spotify:track:1TH5fhztFZmUGWaCXmZ6ie,https://api.spotify.com/v1/tracks/1TH5fhztFZmUGWaCXmZ6ie,https://api.spotify.com/v1/audio-analysis/1TH5fhztFZmUGWaCXmZ6ie,68800,4
17,Elvis Presley,Blue Christmas,0.465,0.27,4,-16.661,1,0.0425,0.9,0.00104,0.145,0.58,94.518,audio_features,3QiAAp20rPC3dcAtKtMaqQ,spotify:track:3QiAAp20rPC3dcAtKtMaqQ,https://api.spotify.com/v1/tracks/3QiAAp20rPC3dcAtKtMaqQ,https://api.spotify.com/v1/audio-analysis/3QiAAp20rPC3dcAtKtMaqQ,129173,4
18,Taylor Swift,Cruel Summer,0.552,0.702,9,-5.707,1,0.157,0.117,2.06e-05,0.105,0.564,169.994,audio_features,1BxfuPKGuaTgP7aM0Bbdwr,spotify:track:1BxfuPKGuaTgP7aM0Bbdwr,https://api.spotify.com/v1/tracks/1BxfuPKGuaTgP7aM0Bbdwr,https://api.spotify.com/v1/audio-analysis/1BxfuPKGuaTgP7aM0Bbdwr,178427,4
19,Eartha Kitt With Henri Rene And His Orchestra,Santa Baby,0.7,0.139,8,-12.346,1,0.0607,0.902,0.0,0.185,0.49,84.485,audio_features,1foCxQtxBweJtZmdxhEHVO,spotify:track:1foCxQtxBweJtZmdxhEHVO,https://api.spotify.com/v1/tracks/1foCxQtxBweJtZmdxhEHVO,https://api.spotify.com/v1/audio-analysis/1foCxQtxBweJtZmdxhEHVO,206067,4
20,Gene Autry,Here Comes Santa Claus (Right Down Santa Claus Lane),0.834,0.371,1,-11.99,1,0.0358,0.799,0.0,0.275,0.976,96.628,audio_features,25leEEaz1gIpp7o21Fqyjo,spotify:track:25leEEaz1gIpp7o21Fqyjo,https://api.spotify.com/v1/tracks/25leEEaz1gIpp7o21Fqyjo,https://api.spotify.com/v1/audio-analysis/25leEEaz1gIpp7o21Fqyjo,150267,4
21,Chuck Berry,Run Rudolph Run,0.681,0.715,7,-10.609,0,0.0912,0.812,9.43e-06,0.0777,0.957,152.132,audio_features,2pnPe4pJtq7689i5ydzvJJ,spotify:track:2pnPe4pJtq7689i5ydzvJJ,https://api.spotify.com/v1/tracks/2pnPe4pJtq7689i5ydzvJJ,https://api.spotify.com/v1/audio-analysis/2pnPe4pJtq7689i5ydzvJJ,165733,4
22,Michael Buble,It's Beginning To Look A Lot Like Christmas,0.339,0.214,4,-11.714,1,0.0375,0.908,7.47e-06,0.341,0.363,94.775,audio_features,5a1iz510sv2W9Dt1MvFd5R,spotify:track:5a1iz510sv2W9Dt1MvFd5R,https://api.spotify.com/v1/tracks/5a1iz510sv2W9Dt1MvFd5R,https://api.spotify.com/v1/audio-analysis/5a1iz510sv2W9Dt1MvFd5R,206640,3
23,Tate McRae,Greedy,0.75,0.733,6,-3.18,0,0.0319,0.256,0.0,0.114,0.844,111.018,audio_features,3rUGC1vUpkDG9CZFHMur1t,spotify:track:3rUGC1vUpkDG9CZFHMur1t,https://api.spotify.com/v1/tracks/3rUGC1vUpkDG9CZFHMur1t,https://api.spotify.com/v1/audio-analysis/3rUGC1vUpkDG9CZFHMur1t,131872,1
24,The Beach Boys,Little Saint Nick,0.546,0.655,6,-7.015,1,0.0456,0.464,0.0,0.0791,0.961,129.385,audio_features,75dfH68JDisE8dDaD4KlVY,spotify:track:75dfH68JDisE8dDaD4KlVY,https://api.spotify.com/v1/tracks/75dfH68JDisE8dDaD4KlVY,https://api.spotify.com/v1/audio-analysis/75dfH68JDisE8dDaD4KlVY,130680,4
25,Paul McCartney,Wonderful Christmastime,0.774,0.511,11,-8.914,1,0.0319,0.322,0.0,0.0672,0.771,94.736,audio_features,1SV1fxF65n9NhRHp3KlBuu,spotify:track:1SV1fxF65n9NhRHp3KlBuu,https://api.spotify.com/v1/tracks/1SV1fxF65n9NhRHp3KlBuu,https://api.spotify.com/v1/audio-analysis/1SV1fxF65n9NhRHp3KlBuu,227653,4
26,Perry Como And The Fontane Sisters With Mitchell Ayres And His Orchestra,It's Beginning To Look A Lot Like Christmas,0.724,0.276,7,-12.25,1,0.0599,0.76,0.0,0.116,0.718,112.874,audio_features,2pXpURmn6zC5ZYDMms6fwa,spotify:track:2pXpURmn6zC5ZYDMms6fwa,https://api.spotify.com/v1/tracks/2pXpURmn6zC5ZYDMms6fwa,https://api.spotify.com/v1/audio-analysis/2pXpURmn6zC5ZYDMms6fwa,155933,4
27,Eagles,Please Come Home For Christmas,0.612,0.289,9,-11.568,1,0.0421,0.599,0.00266,0.0561,0.466,183.18,audio_features,3QIoEi8Enr9uHffwInGIsC,spotify:track:3QIoEi8Enr9uHffwInGIsC,https://api.spotify.com/v1/tracks/3QIoEi8Enr9uHffwInGIsC,https://api.spotify.com/v1/audio-analysis/3QIoEi8Enr9uHffwInGIsC,177440,3
28,Doja Cat,Paint The Town Red,0.868,0.538,5,-8.603,1,0.174,0.269,3.34e-06,0.0901,0.732,99.968,audio_features,2IGMVunIBsBLtEQyoI1Mu7,spotify:track:2IGMVunIBsBLtEQyoI1Mu7,https://api.spotify.com/v1/tracks/2IGMVunIBsBLtEQyoI1Mu7,https://api.spotify.com/v1/audio-analysis/2IGMVunIBsBLtEQyoI1Mu7,231750,4
29,Jackson 5,Santa Claus Is Comin' To Town,0.692,0.762,0,-4.867,1,0.0342,0.424,1.27e-05,0.181,0.961,146.673,audio_features,2QpN1ZVw8eJO5f7WcvUA1k,spotify:track:2QpN1ZVw8eJO5f7WcvUA1k,https://api.spotify.com/v1/tracks/2QpN1ZVw8eJO5f7WcvUA1k,https://api.spotify.com/v1/audio-analysis/2QpN1ZVw8eJO5f7WcvUA1k,144013,4
30,Zach Bryan Featuring Kacey Musgraves,I Remember Everything,0.429,0.453,0,-7.746,1,0.0459,0.554,2e-06,0.102,0.155,77.639,audio_features,4KULAymBBJcPRpk1yO4dOG,spotify:track:4KULAymBBJcPRpk1yO4dOG,https://api.spotify.com/v1/tracks/4KULAymBBJcPRpk1yO4dOG,https://api.spotify.com/v1/audio-analysis/4KULAymBBJcPRpk1yO4dOG,227196,4
31,Tyla,Water,0.673,0.722,3,-3.495,0,0.0755,0.0856,0.0,0.137,0.519,117.187,audio_features,5aIVCx5tnk0ntmdiinnYvw,spotify:track:5aIVCx5tnk0ntmdiinnYvw,https://api.spotify.com/v1/tracks/5aIVCx5tnk0ntmdiinnYvw,https://api.spotify.com/v1/audio-analysis/5aIVCx5tnk0ntmdiinnYvw,200256,4
32,Thurl Ravenscroft,"You're A Mean One, Mr. Grinch",0.517,0.484,2,-10.93,0,0.318,0.952,0.0075,0.129,0.42,141.914,audio_features,4qP2V09IpTct5A1ZSnr1zh,spotify:track:4qP2V09IpTct5A1ZSnr1zh,https://api.spotify.com/v1/tracks/4qP2V09IpTct5A1ZSnr1zh,https://api.spotify.com/v1/audio-analysis/4qP2V09IpTct5A1ZSnr1zh,315707,3
33,Donny Hathaway,This Christmas,0.634,0.645,5,-9.2,1,0.0376,0.292,0.0,0.246,0.677,93.047,audio_features,38xhBO2AKrJnjdjVnhJES6,spotify:track:38xhBO2AKrJnjdjVnhJES6,https://api.spotify.com/v1/tracks/38xhBO2AKrJnjdjVnhJES6,https://api.spotify.com/v1/audio-analysis/38xhBO2AKrJnjdjVnhJES6,231173,4
34,Doja Cat,Agora Hills,0.75,0.674,8,-6.128,0,0.097,0.228,8.91e-05,0.122,0.392,123.026,audio_features,7dJYggqjKo71KI9sLzqCs8,spotify:track:7dJYggqjKo71KI9sLzqCs8,https://api.spotify.com/v1/tracks/7dJYggqjKo71KI9sLzqCs8,https://api.spotify.com/v1/audio-analysis/7dJYggqjKo71KI9sLzqCs8,265360,4
35,Morgan Wallen,Last Night,0.517,0.675,6,-5.382,1,0.0357,0.459,0.0,0.151,0.518,203.853,audio_features,59uQI0PADDKeE6UZDTJEe8,spotify:track:59uQI0PADDKeE6UZDTJEe8,https://api.spotify.com/v1/tracks/59uQI0PADDKeE6UZDTJEe8,https://api.spotify.com/v1/audio-analysis/59uQI0PADDKeE6UZDTJEe8,163855,4
36,Justin Bieber,Mistletoe,0.657,0.56,6,-9.049,0,0.0467,0.498,0.0,0.0794,0.854,161.993,audio_features,7xapw9Oy21WpfEcib2ErSA,spotify:track:7xapw9Oy21WpfEcib2ErSA,https://api.spotify.com/v1/tracks/7xapw9Oy21WpfEcib2ErSA,https://api.spotify.com/v1/audio-analysis/7xapw9Oy21WpfEcib2ErSA,182947,4
37,Andy Williams,Happy Holiday / The Holiday Season,0.505,0.451,9,-10.193,0,0.0329,0.727,0.0,0.233,0.744,74.347,audio_features,3sDdyBHQ60Cs1opmIyRvhp,spotify:track:3sDdyBHQ60Cs1opmIyRvhp,https://api.spotify.com/v1/tracks/3sDdyBHQ60Cs1opmIyRvhp,https://api.spotify.com/v1/audio-analysis/3sDdyBHQ60Cs1opmIyRvhp,156867,4
38,Vince Guaraldi Trio,Christmastime Is Here,0.336,0.17,5,-17.225,1,0.0327,0.957,0.661,0.0929,0.102,140.481,audio_features,6NQchnlpozM5o4n6WfDznd,spotify:track:6NQchnlpozM5o4n6WfDznd,https://api.spotify.com/v1/tracks/6NQchnlpozM5o4n6WfDznd,https://api.spotify.com/v1/audio-analysis/6NQchnlpozM5o4n6WfDznd,369707,3
39,Jonas Brothers,Like It's Christmas,0.725,0.571,1,-6.007,1,0.102,0.0183,0.0,0.0519,0.61,146.035,audio_features,1OjmlSFuzYflWjSMTCyTJv,spotify:track:1OjmlSFuzYflWjSMTCyTJv,https://api.spotify.com/v1/tracks/1OjmlSFuzYflWjSMTCyTJv,https://api.spotify.com/v1/audio-analysis/1OjmlSFuzYflWjSMTCyTJv,200880,4
40,Michael Buble,Have Yourself A Merry Little Christmas,0.275,0.276,9,-11.395,1,0.0321,0.602,0.00167,0.121,0.195,68.764,audio_features,1DnSNqCQM3LUxqFuXt184Q,spotify:track:1DnSNqCQM3LUxqFuXt184Q,https://api.spotify.com/v1/tracks/1DnSNqCQM3LUxqFuXt184Q,https://api.spotify.com/v1/audio-analysis/1DnSNqCQM3LUxqFuXt184Q,230307,3
41,John & Yoko/The Plastic Ono Band With The Harlem Community Choir,Happy Xmas (War Is Over),0.321,0.64,2,-10.023,1,0.0324,0.28,0.0,0.718,0.414,146.172,audio_features,27RYrbL6S02LNVhDWVl38b,spotify:track:27RYrbL6S02LNVhDWVl38b,https://api.spotify.com/v1/tracks/27RYrbL6S02LNVhDWVl38b,https://api.spotify.com/v1/audio-analysis/27RYrbL6S02LNVhDWVl38b,214333,3
42,Jackson 5,I Saw Mommy Kissing Santa Claus,0.583,0.712,3,-8.222,1,0.0538,0.263,1.02e-06,0.817,0.614,128.897,audio_features,15sxLiiChE5dCW3Y756oas,spotify:track:15sxLiiChE5dCW3Y756oas,https://api.spotify.com/v1/tracks/15sxLiiChE5dCW3Y756oas,https://api.spotify.com/v1/audio-analysis/15sxLiiChE5dCW3Y756oas,181267,4
43,Morgan Wallen,Thinkin' Bout Me,0.656,0.757,3,-5.775,0,0.0308,0.492,0.0,0.117,0.429,139.971,audio_features,0PAcdVzhPO4gq1Iym9ESnK,spotify:track:0PAcdVzhPO4gq1Iym9ESnK,https://api.spotify.com/v1/tracks/0PAcdVzhPO4gq1Iym9ESnK,https://api.spotify.com/v1/audio-analysis/0PAcdVzhPO4gq1Iym9ESnK,177388,4
44,Gene Autry & The Pinafores,Rudolph The Red-Nosed Reindeer,0.635,0.167,8,-14.019,1,0.0458,0.867,0.0,0.285,0.675,141.161,audio_features,34MC0a5RRdXsfOEPAKiEd9,spotify:track:34MC0a5RRdXsfOEPAKiEd9,https://api.spotify.com/v1/tracks/34MC0a5RRdXsfOEPAKiEd9,https://api.spotify.com/v1/audio-analysis/34MC0a5RRdXsfOEPAKiEd9,186427,4
45,Ed Sheeran & Elton John,Merry Christmas,0.594,0.935,0,-2.018,1,0.0357,0.243,2.36e-06,0.102,0.602,113.99,audio_features,3bH2Eu9A9ymI4UnGHRmoXg,spotify:track:3bH2Eu9A9ymI4UnGHRmoXg,https://api.spotify.com/v1/tracks/3bH2Eu9A9ymI4UnGHRmoXg,https://api.spotify.com/v1/audio-analysis/3bH2Eu9A9ymI4UnGHRmoXg,208547,4
46,Luke Combs,Fast Car,0.712,0.603,8,-5.52,1,0.0262,0.186,0.0,0.115,0.67,97.994,audio_features,1Lo0QY9cvc8sUB2vnIOxDT,spotify:track:1Lo0QY9cvc8sUB2vnIOxDT,https://api.spotify.com/v1/tracks/1Lo0QY9cvc8sUB2vnIOxDT,https://api.spotify.com/v1/audio-analysis/1Lo0QY9cvc8sUB2vnIOxDT,265493,4
47,Teddy Swims,Lose Control,0.561,0.604,9,-4.409,1,0.0337,0.199,1.9e-05,0.104,0.242,159.92,audio_features,6usohdchdzW9oML7VC4Uhk,spotify:track:6usohdchdzW9oML7VC4Uhk,https://api.spotify.com/v1/tracks/6usohdchdzW9oML7VC4Uhk,https://api.spotify.com/v1/audio-analysis/6usohdchdzW9oML7VC4Uhk,210689,3
48,Taylor Swift,Is It Over Now? (Taylor's Version) [From The Vault],0.596,0.658,0,-7.346,1,0.036,0.0504,0.0,0.127,0.176,100.012,audio_features,1Iq8oo9XkmmvCQiGOfORiz,spotify:track:1Iq8oo9XkmmvCQiGOfORiz,https://api.spotify.com/v1/tracks/1Iq8oo9XkmmvCQiGOfORiz,https://api.spotify.com/v1/audio-analysis/1Iq8oo9XkmmvCQiGOfORiz,229478,4
49,Perry Como With Mitchell Ayers And His Orchestra,(There's No Place Like) Home For The Holidays (1954),0.532,0.401,5,-10.629,1,0.0525,0.869,0.0,0.222,0.45,143.823,audio_features,2GapxG7BxK55ihQRAlR39e,spotify:track:2GapxG7BxK55ihQRAlR39e,https://api.spotify.com/v1/tracks/2GapxG7BxK55ihQRAlR39e,https://api.spotify.com/v1/audio-analysis/2GapxG7BxK55ihQRAlR39e,178293,4
50,Paul Russell,Lil Boo Thang,0.85,0.699,0,-3.292,1,0.0776,0.152,0.0,0.32,0.915,114.481,audio_features,0cVyQfDyRnMJ0V3rjjdlU3,spotify:track:0cVyQfDyRnMJ0V3rjjdlU3,https://api.spotify.com/v1/tracks/0cVyQfDyRnMJ0V3rjjdlU3,https://api.spotify.com/v1/audio-analysis/0cVyQfDyRnMJ0V3rjjdlU3,114234,4
51,Drake Featuring Sexyy Red & SZA,Rich Baby Daddy,0.638,0.69,2,-7.027,1,0.0635,0.0112,6.72e-06,0.371,0.14,146.054,audio_features,5w0KPYIa7DUpstlDL7vLts,spotify:track:5w0KPYIa7DUpstlDL7vLts,https://api.spotify.com/v1/tracks/5w0KPYIa7DUpstlDL7vLts,https://api.spotify.com/v1/audio-analysis/5w0KPYIa7DUpstlDL7vLts,161096,4
52,Nicki Minaj,FTCU,0.928,0.458,11,-6.751,1,0.187,0.0175,0.000446,0.118,0.242,144.995,audio_features,1a73gcEg6h6Re6hHXoVltJ,spotify:track:1a73gcEg6h6Re6hHXoVltJ,https://api.spotify.com/v1/tracks/1a73gcEg6h6Re6hHXoVltJ,https://api.spotify.com/v1/audio-analysis/1a73gcEg6h6Re6hHXoVltJ,172138,4
53,Noah Kahan,Stick Season,0.662,0.488,9,-6.894,1,0.0682,0.782,0.0,0.102,0.817,117.913,audio_features,0mflMxspEfB0VbI1kyLiAv,spotify:track:0mflMxspEfB0VbI1kyLiAv,https://api.spotify.com/v1/tracks/0mflMxspEfB0VbI1kyLiAv,https://api.spotify.com/v1/audio-analysis/0mflMxspEfB0VbI1kyLiAv,182347,4
54,Nicki Minaj Featuring Lil Uzi Vert,Everybody,0.736,0.769,11,-5.546,0,0.258,0.027,0.0,0.23,0.388,137.947,audio_features,5ZJGv7aGdIr9IGpxzSG18T,spotify:track:5ZJGv7aGdIr9IGpxzSG18T,https://api.spotify.com/v1/tracks/5ZJGv7aGdIr9IGpxzSG18T,https://api.spotify.com/v1/audio-analysis/5ZJGv7aGdIr9IGpxzSG18T,180870,4
55,Chris Stapleton,White Horse,0.353,0.77,1,-11.066,0,0.0493,0.0016,0.598,0.109,0.224,145.225,audio_features,7MSWxMumjz6lHj7oRApNbg,spotify:track:7MSWxMumjz6lHj7oRApNbg,https://api.spotify.com/v1/tracks/7MSWxMumjz6lHj7oRApNbg,https://api.spotify.com/v1/audio-analysis/7MSWxMumjz6lHj7oRApNbg,267893,4
56,Drake Featuring J. Cole,First Person Shooter,0.551,0.642,11,-7.877,0,0.299,0.024,0.0,0.392,0.255,122.01,audio_features,759fzpnRkH3yjHsqBsXwKK,spotify:track:759fzpnRkH3yjHsqBsXwKK,https://api.spotify.com/v1/tracks/759fzpnRkH3yjHsqBsXwKK,https://api.spotify.com/v1/audio-analysis/759fzpnRkH3yjHsqBsXwKK,247444,4
57,Miley Cyrus,Used To Be Young,0.451,0.632,4,-3.843,1,0.0475,0.6,0.0,0.139,0.455,147.06,audio_features,41WQUSINanQHfhfKpFDsms,spotify:track:41WQUSINanQHfhfKpFDsms,https://api.spotify.com/v1/tracks/41WQUSINanQHfhfKpFDsms,https://api.spotify.com/v1/audio-analysis/41WQUSINanQHfhfKpFDsms,190461,4
58,Dua Lipa,Houdini,0.744,0.789,9,-4.876,0,0.059,0.0036,0.00144,0.0947,0.866,116.985,audio_features,4OMJGnvZfDvsePyCwRGO7X,spotify:track:4OMJGnvZfDvsePyCwRGO7X,https://api.spotify.com/v1/tracks/4OMJGnvZfDvsePyCwRGO7X,https://api.spotify.com/v1/audio-analysis/4OMJGnvZfDvsePyCwRGO7X,185918,4
59,"Usher, Summer Walker & 21 Savage",Good Good,0.753,0.669,7,-4.914,0,0.104,0.0378,0.0,0.122,0.584,140.948,audio_features,0J1YRLYhTG1MBosjidD7OI,spotify:track:0J1YRLYhTG1MBosjidD7OI,https://api.spotify.com/v1/tracks/0J1YRLYhTG1MBosjidD7OI,https://api.spotify.com/v1/audio-analysis/0J1YRLYhTG1MBosjidD7OI,247469,4
60,Nate Smith,World On Fire,0.461,0.887,11,-4.871,0,0.0429,0.000219,0.0,0.104,0.411,95.964,audio_features,5ya0TmUQw2wHMkq36rPsnd,spotify:track:5ya0TmUQw2wHMkq36rPsnd,https://api.spotify.com/v1/tracks/5ya0TmUQw2wHMkq36rPsnd,https://api.spotify.com/v1/audio-analysis/5ya0TmUQw2wHMkq36rPsnd,189987,4
61,Xavi,La Diabla,0.751,0.819,11,-4.372,0,0.0409,0.255,0.0,0.236,0.697,131.842,audio_features,0R6NfOiLzLj4O5VbYSJAjf,spotify:track:0R6NfOiLzLj4O5VbYSJAjf,https://api.spotify.com/v1/tracks/0R6NfOiLzLj4O5VbYSJAjf,https://api.spotify.com/v1/audio-analysis/0R6NfOiLzLj4O5VbYSJAjf,172264,3
62,Warren Zeiders,Pretty Little Poison,0.518,0.557,1,-4.839,1,0.0332,0.0258,2.46e-06,0.156,0.216,111.865,audio_features,2gT2iF1YK5r54A2PDEXVv8,spotify:track:2gT2iF1YK5r54A2PDEXVv8,https://api.spotify.com/v1/tracks/2gT2iF1YK5r54A2PDEXVv8,https://api.spotify.com/v1/audio-analysis/2gT2iF1YK5r54A2PDEXVv8,218160,3
63,Victoria Monet,On My Mama,0.675,0.546,4,-7.716,0,0.0511,0.556,0.00441,0.167,0.607,77.415,audio_features,7DswEZZthZ6piQpL25qGAM,spotify:track:7DswEZZthZ6piQpL25qGAM,https://api.spotify.com/v1/tracks/7DswEZZthZ6piQpL25qGAM,https://api.spotify.com/v1/audio-analysis/7DswEZZthZ6piQpL25qGAM,184258,4
64,Mitski,My Love Mine All Mine,0.504,0.308,9,-14.958,1,0.0321,0.868,0.135,0.158,0.121,113.95,audio_features,3vkCueOmm7xQDoJ17W1Pm3,spotify:track:3vkCueOmm7xQDoJ17W1Pm3,https://api.spotify.com/v1/tracks/3vkCueOmm7xQDoJ17W1Pm3,https://api.spotify.com/v1/audio-analysis/3vkCueOmm7xQDoJ17W1Pm3,137773,4
65,Tate McRae,Exes,0.838,0.569,5,-6.324,0,0.0621,0.152,0.000136,0.102,0.551,136.965,audio_features,0HD8mbiPjp3o94X3EaZp0o,spotify:track:0HD8mbiPjp3o94X3EaZp0o,https://api.spotify.com/v1/tracks/0HD8mbiPjp3o94X3EaZp0o,https://api.spotify.com/v1/audio-analysis/0HD8mbiPjp3o94X3EaZp0o,159400,4
66,JID Featuring 21 Savage & Baby Tate,Surround Sound,0.575,0.56,5,-7.302,1,0.478,0.173,0.0,0.257,0.471,75.956,audio_features,1udwFobQ1JoOdWPQrp2b6u,spotify:track:1udwFobQ1JoOdWPQrp2b6u,https://api.spotify.com/v1/tracks/1udwFobQ1JoOdWPQrp2b6u,https://api.spotify.com/v1/audio-analysis/1udwFobQ1JoOdWPQrp2b6u,229938,4
67,Bad Bunny,Monaco,0.744,0.816,8,-7.082,0,0.057,0.0938,1.26e-05,0.487,0.9,80.037,audio_features,3lakwaXamzbachjLgrUegf,spotify:track:3lakwaXamzbachjLgrUegf,https://api.spotify.com/v1/tracks/3lakwaXamzbachjLgrUegf,https://api.spotify.com/v1/audio-analysis/3lakwaXamzbachjLgrUegf,205409,4
68,Kenya Grace,Strangers,0.628,0.523,11,-8.307,0,0.0946,0.701,0.00274,0.219,0.416,169.982,audio_features,5mjYQaktjmjcMKcUIcqz4s,spotify:track:5mjYQaktjmjcMKcUIcqz4s,https://api.spotify.com/v1/tracks/5mjYQaktjmjcMKcUIcqz4s,https://api.spotify.com/v1/audio-analysis/5mjYQaktjmjcMKcUIcqz4s,172965,4
69,Drake,You Broke My Heart,0.465,0.7,10,-5.163,0,0.0893,0.203,0.0,0.299,0.276,120.854,audio_features,5Se32hEA9raeboZerywxka,spotify:track:5Se32hEA9raeboZerywxka,https://api.spotify.com/v1/tracks/5Se32hEA9raeboZerywxka,https://api.spotify.com/v1/audio-analysis/5Se32hEA9raeboZerywxka,230709,4
70,Olivia Rodrigo,Get Him Back!,0.546,0.846,5,-5.719,1,0.181,0.0135,0.0,0.607,0.74,162.043,audio_features,2gyxAWHebV7xPYVxqoi86f,spotify:track:2gyxAWHebV7xPYVxqoi86f,https://api.spotify.com/v1/tracks/2gyxAWHebV7xPYVxqoi86f,https://api.spotify.com/v1/audio-analysis/2gyxAWHebV7xPYVxqoi86f,211141,4
71,Drake Featuring Yeat,IDGAF,0.673,0.672,8,-8.577,1,0.224,0.0466,0.000284,0.193,0.14,136.902,audio_features,2uvBprdlMpzeN5Bq0PzMBI,spotify:track:2uvBprdlMpzeN5Bq0PzMBI,https://api.spotify.com/v1/tracks/2uvBprdlMpzeN5Bq0PzMBI,https://api.spotify.com/v1/audio-analysis/2uvBprdlMpzeN5Bq0PzMBI,260111,4
72,Fuerza Regida & Marshmello,Harley Quinn,0.815,0.741,1,-6.04,1,0.0569,0.0277,0.0183,0.219,0.591,125.031,audio_features,6CvTEtGagmzQvkUzzyKR9k,spotify:track:6CvTEtGagmzQvkUzzyKR9k,https://api.spotify.com/v1/tracks/6CvTEtGagmzQvkUzzyKR9k,https://api.spotify.com/v1/audio-analysis/6CvTEtGagmzQvkUzzyKR9k,143327,4
73,Jessie Murph & Jelly Roll,Wild Ones,0.65,0.689,0,-3.543,1,0.0449,0.0878,0.0,0.172,0.294,136.03,audio_features,2kE2HFBFkJ0VMw3igxYohz,spotify:track:2kE2HFBFkJ0VMw3igxYohz,https://api.spotify.com/v1/tracks/2kE2HFBFkJ0VMw3igxYohz,https://api.spotify.com/v1/audio-analysis/2kE2HFBFkJ0VMw3igxYohz,142520,4
74,Peso Pluma & Anitta,Bellakeo,0.72,0.88,9,-2.834,1,0.101,0.0562,0.06,0.153,0.463,180.011,audio_features,05WVKTdZhlIMX4qqMLuo0f,spotify:track:05WVKTdZhlIMX4qqMLuo0f,https://api.spotify.com/v1/tracks/05WVKTdZhlIMX4qqMLuo0f,https://api.spotify.com/v1/audio-analysis/05WVKTdZhlIMX4qqMLuo0f,197333,4
75,HARDY,Truck Bed,0.662,0.77,0,-4.887,1,0.0367,0.0875,0.0,0.35,0.769,132.057,audio_features,103u49mLoJUge83B1CnLxI,spotify:track:103u49mLoJUge83B1CnLxI,https://api.spotify.com/v1/tracks/103u49mLoJUge83B1CnLxI,https://api.spotify.com/v1/audio-analysis/103u49mLoJUge83B1CnLxI,167535,4
76,Dan + Shay,Save Me The Trouble,0.444,0.629,9,-4.435,1,0.0318,0.00544,0.0,0.271,0.376,134.931,audio_features,7hZTywPKMdVjJzwdWu11BK,spotify:track:7hZTywPKMdVjJzwdWu11BK,https://api.spotify.com/v1/tracks/7hZTywPKMdVjJzwdWu11BK,https://api.spotify.com/v1/audio-analysis/7hZTywPKMdVjJzwdWu11BK,200347,3
77,Meghan Trainor,Jingle Bells,0.609,0.575,1,-4.789,1,0.0387,0.723,0.0,0.176,0.662,113.958,audio_features,6gmY1F2AMw2i4gO79ppBAe,spotify:track:6gmY1F2AMw2i4gO79ppBAe,https://api.spotify.com/v1/tracks/6gmY1F2AMw2i4gO79ppBAe,https://api.spotify.com/v1/audio-analysis/6gmY1F2AMw2i4gO79ppBAe,173547,4
78,Xavi,La Victima,0.778,0.835,11,-3.598,0,0.0767,0.152,0.0,0.109,0.666,140.082,audio_features,5XVdHRf4CAJ2Jm0uMIy5qY,spotify:track:5XVdHRf4CAJ2Jm0uMIy5qY,https://api.spotify.com/v1/tracks/5XVdHRf4CAJ2Jm0uMIy5qY,https://api.spotify.com/v1/audio-analysis/5XVdHRf4CAJ2Jm0uMIy5qY,156346,4
79,Luke Combs,Where The Wild Things Are,0.708,0.731,3,-4.872,1,0.0345,0.0189,4.47e-06,0.129,0.379,116.975,audio_features,0eBFgRxyVSeuT4iyrbukdn,spotify:track:0eBFgRxyVSeuT4iyrbukdn,https://api.spotify.com/v1/tracks/0eBFgRxyVSeuT4iyrbukdn,https://api.spotify.com/v1/audio-analysis/0eBFgRxyVSeuT4iyrbukdn,239533,4
80,Karol G & Peso Pluma,Qlona,0.632,0.359,0,-8.254,1,0.0347,0.612,0.911,0.117,0.833,80.018,audio_features,5qo0wgdoWODZj9efbNWgv0,spotify:track:5qo0wgdoWODZj9efbNWgv0,https://api.spotify.com/v1/tracks/5qo0wgdoWODZj9efbNWgv0,https://api.spotify.com/v1/audio-analysis/5qo0wgdoWODZj9efbNWgv0,164789,4
81,Taylor Swift,You're Losing Me (From The Vault),0.747,0.391,0,-13.767,1,0.052,0.529,0.003,0.111,0.195,102.984,audio_features,3CWq0pAKKTWb0K4yiglDc4,spotify:track:3CWq0pAKKTWb0K4yiglDc4,https://api.spotify.com/v1/tracks/3CWq0pAKKTWb0K4yiglDc4,https://api.spotify.com/v1/audio-analysis/3CWq0pAKKTWb0K4yiglDc4,277832,4
82,Lil Tecca,500lbs,0.731,0.667,7,-7.928,0,0.0815,0.134,0.0,0.114,0.485,123.042,audio_features,1xWkeSPhf3bZqHY7Ncz8vp,spotify:track:1xWkeSPhf3bZqHY7Ncz8vp,https://api.spotify.com/v1/tracks/1xWkeSPhf3bZqHY7Ncz8vp,https://api.spotify.com/v1/audio-analysis/1xWkeSPhf3bZqHY7Ncz8vp,144390,4
83,Cody Johnson,The Painter,0.512,0.709,2,-5.766,1,0.0329,0.0415,4.25e-06,0.107,0.261,97.981,audio_features,6UoKX6uLJwhsnyTp5k5StP,spotify:track:6UoKX6uLJwhsnyTp5k5StP,https://api.spotify.com/v1/tracks/6UoKX6uLJwhsnyTp5k5StP,https://api.spotify.com/v1/audio-analysis/6UoKX6uLJwhsnyTp5k5StP,211413,4
84,Flo Milli,Never Lose Me,0.781,0.567,1,-7.857,1,0.0969,0.0504,0.0,0.0981,0.0743,121.964,audio_features,6uTPdRrEDeH8Fyg5L5qmeU,spotify:track:6uTPdRrEDeH8Fyg5L5qmeU,https://api.spotify.com/v1/tracks/6uTPdRrEDeH8Fyg5L5qmeU,https://api.spotify.com/v1/audio-analysis/6uTPdRrEDeH8Fyg5L5qmeU,125902,4
85,Parker McCollum,Burn It Down,0.461,0.718,2,-5.627,1,0.0666,0.139,1.66e-05,0.0968,0.334,162.187,audio_features,09hVlIVHtEE1nLUv6YGZiW,spotify:track:09hVlIVHtEE1nLUv6YGZiW,https://api.spotify.com/v1/tracks/09hVlIVHtEE1nLUv6YGZiW,https://api.spotify.com/v1/audio-analysis/09hVlIVHtEE1nLUv6YGZiW,233869,4
86,Chloe,Winter Wonderland,0.0746,0.042,2,-25.752,1,0.0408,0.925,0.615,0.0484,0.0347,77.81,audio_features,0u1Sp4e3Phbbg9U215CMBe,spotify:track:0u1Sp4e3Phbbg9U215CMBe,https://api.spotify.com/v1/tracks/0u1Sp4e3Phbbg9U215CMBe,https://api.spotify.com/v1/audio-analysis/0u1Sp4e3Phbbg9U215CMBe,1037907,4
87,Maluma & Carin Leon,Segun Quien,0.909,0.762,9,-3.974,1,0.0643,0.434,0.0,0.0856,0.843,101.987,audio_features,6fNCrsrdIcgVd2aZZ0nnz4,spotify:track:6fNCrsrdIcgVd2aZZ0nnz4,https://api.spotify.com/v1/tracks/6fNCrsrdIcgVd2aZZ0nnz4,https://api.spotify.com/v1/audio-analysis/6fNCrsrdIcgVd2aZZ0nnz4,142335,3
88,Nicki Minaj Featuring Drake,Needle,0.807,0.593,7,-7.304,1,0.104,0.316,0.00083,0.137,0.323,110.001,audio_features,4I4G0LD277PWvfblYtSf91,spotify:track:4I4G0LD277PWvfblYtSf91,https://api.spotify.com/v1/tracks/4I4G0LD277PWvfblYtSf91,https://api.spotify.com/v1/audio-analysis/4I4G0LD277PWvfblYtSf91,235689,4
89,Cher,DJ Play A Christmas Song,0.533,0.76,11,-7.256,0,0.121,0.157,0.0,0.614,0.466,133.916,audio_features,2ljUUoqlnRUGGa7bmpvevC,spotify:track:2ljUUoqlnRUGGa7bmpvevC,https://api.spotify.com/v1/tracks/2ljUUoqlnRUGGa7bmpvevC,https://api.spotify.com/v1/audio-analysis/2ljUUoqlnRUGGa7bmpvevC,209107,4
90,George Birge,Mind On You,0.576,0.815,10,-3.999,0,0.0267,0.142,0.0,0.267,0.56,130.032,audio_features,7rr3gguU3TcVnLZD9VzASE,spotify:track:7rr3gguU3TcVnLZD9VzASE,https://api.spotify.com/v1/tracks/7rr3gguU3TcVnLZD9VzASE,https://api.spotify.com/v1/audio-analysis/7rr3gguU3TcVnLZD9VzASE,177920,4
91,"Juice WRLD, Eminem & benny blanco",Lace It,0.773,0.597,2,-7.138,1,0.309,0.194,0.0,0.22,0.305,160.101,audio_features,4qmG24ebshLXtKu9HIShBP,spotify:track:4qmG24ebshLXtKu9HIShBP,https://api.spotify.com/v1/tracks/4qmG24ebshLXtKu9HIShBP,https://api.spotify.com/v1/audio-analysis/4qmG24ebshLXtKu9HIShBP,217527,4
92,Zach Bryan Featuring The War And Treaty,Hey Driver,0.583,0.351,0,-5.836,1,0.0306,0.494,0.0,0.368,0.462,79.014,audio_features,4pCbJC43j3gSqG6Fen6upD,spotify:track:4pCbJC43j3gSqG6Fen6upD,https://api.spotify.com/v1/tracks/4pCbJC43j3gSqG6Fen6upD,https://api.spotify.com/v1/audio-analysis/4pCbJC43j3gSqG6Fen6upD,227467,4
93,Sabrina Carpenter,Feather,0.787,0.686,6,-4.37,0,0.0339,0.0893,0.0,0.0927,0.836,123.51,audio_features,2Zo1PcszsT9WQ0ANntJbID,spotify:track:2Zo1PcszsT9WQ0ANntJbID,https://api.spotify.com/v1/tracks/2Zo1PcszsT9WQ0ANntJbID,https://api.spotify.com/v1/audio-analysis/2Zo1PcszsT9WQ0ANntJbID,185553,4
94,Olivia Rodrigo,Can't Catch Me Now,0.521,0.366,11,-7.698,0,0.034,0.838,4.11e-06,0.12,0.225,141.965,audio_features,56xHMIfQPoe0prrSi3BGhf,spotify:track:56xHMIfQPoe0prrSi3BGhf,https://api.spotify.com/v1/tracks/56xHMIfQPoe0prrSi3BGhf,https://api.spotify.com/v1/audio-analysis/56xHMIfQPoe0prrSi3BGhf,205484,4
95,Grupo Frontera & Grupo Firme,El Amor de Su Vida,0.616,0.834,9,-3.069,1,0.0664,0.06,0.0,0.338,0.746,151.701,audio_features,0O3U5iwTbiXCREMkvotJuN,spotify:track:0O3U5iwTbiXCREMkvotJuN,https://api.spotify.com/v1/tracks/0O3U5iwTbiXCREMkvotJuN,https://api.spotify.com/v1/audio-analysis/0O3U5iwTbiXCREMkvotJuN,165848,4
96,Jung Kook,Standing Next To You,0.711,0.809,2,-4.389,0,0.0955,0.0447,0.0,0.339,0.816,106.017,audio_features,2KslE17cAJNHTsI2MI0jb2,spotify:track:2KslE17cAJNHTsI2MI0jb2,https://api.spotify.com/v1/tracks/2KslE17cAJNHTsI2MI0jb2,https://api.spotify.com/v1/audio-analysis/2KslE17cAJNHTsI2MI0jb2,206020,4
97,Morgan Wallen Featuring Eric Church,Man Made A Bar,0.498,0.764,4,-5.006,1,0.0309,0.123,3.07e-05,0.119,0.489,147.984,audio_features,73zawW1ttszLRgT9By826D,spotify:track:73zawW1ttszLRgT9By826D,https://api.spotify.com/v1/tracks/73zawW1ttszLRgT9By826D,https://api.spotify.com/v1/audio-analysis/73zawW1ttszLRgT9By826D,191231,4
98,Calle 24 x Chino Pacas x Fuerza Regida,Que Onda,0.844,0.637,10,-6.072,0,0.0325,0.22,0.0,0.0459,0.96,125.012,audio_features,2Sy3dDqPwjnTO3PnommJPe,spotify:track:2Sy3dDqPwjnTO3PnommJPe,https://api.spotify.com/v1/tracks/2Sy3dDqPwjnTO3PnommJPe,https://api.spotify.com/v1/audio-analysis/2Sy3dDqPwjnTO3PnommJPe,189426,3
99,Rod Wave,Great Gatsby,0.67,0.555,1,-9.12,0,0.0908,0.0382,6.36e-06,0.414,0.16,156.937,audio_features,4M68xjcc42oxyphhzpOWXS,spotify:track:4M68xjcc42oxyphhzpOWXS,https://api.spotify.com/v1/tracks/4M68xjcc42oxyphhzpOWXS,https://api.spotify.com/v1/audio-analysis/4M68xjcc42oxyphhzpOWXS,146808,4
